POID,VendorID,Category,OrderDate,Quantity,UnitPrice,OrderValue,Status
PO0001,V011,Seeds,2022-04-25,37,5561.18,205763.49,Delivered
PO0002,V008,Pesticides,2022-01-26,182,4573.63,832400.66,Pending
PO0003,V003,Pesticides,2022-10-09,69,3963.5,273481.23,Delivered
PO0004,V009,Equipment,2022-09-08,130,27594.19,3587244.97,Delivered
PO0005,V015,Packaging,2022-08-17,16,1658.02,26528.4,Delivered
PO0006,V008,Pesticides,2022-05-23,168,4209.84,707252.29,Delivered
PO0007,V025,Packaging,2022-04-15,153,1618.4,247615.59,Pending
PO0008,V015,Packaging,2022-03-31,93,1397.76,129991.32,Delivered
PO0009,V019,Equipment,2023-03-09,166,28039.8,4654606.23,Delivered
PO0010,V020,Packaging,2022-02-02,66,1341.31,88526.26,Pending
PO0011,V022,Fertilizers,2022-01-31,175,2943.73,515151.93,Delivered
PO0012,V013,Pesticides,2022-04-06,26,5102.66,132669.11,Delivered
PO0013,V011,Seeds,2022-08-12,172,4583.06,788285.81,Delivered
PO0014,V001,Seeds,2022-08-27,128,4926.69,630616.57,Partially Delivered
PO0015,V016,Seeds,2023-06-02,189,4774.38,902357.37,Pending
PO0016,V011,Seeds,2022-01-28,87,4290.01,373230.46,Delivered
PO0017,V006,Seeds,2022-07-23,176,4329.89,762059.82,Pending
PO0018,V016,Seeds,2023-03-06,114,5003.01,570343.22,Delivered
PO0019,V007,Fertilizers,2022-08-14,39,2762.2,107725.81,Pending
PO0020,V012,Fertilizers,2023-04-05,45,3445.07,155028.28,Cancelled
PO0021,V009,Equipment,2022-10-12,21,24061.85,505298.75,Delivered
PO0022,V011,Seeds,2022-01-07,19,4292.28,81553.35,Delivered
PO0023,V009,Equipment,2022-06-13,87,28231.19,2456113.9,Delivered
PO0024,V020,Packaging,2023-03-09,136,1652.63,224757.59,Delivered
PO0025,V023,Pesticides,2022-12-15,39,4702.45,183395.43,Delivered
PO0026,V009,Equipment,2022-10-12,34,27185.35,924302.06,Pending
PO0027,V018,Pesticides,2022-06-09,70,4010.76,280753.16,Delivered
PO0028,V001,Seeds,2022-08-09,147,4680.32,688006.91,Pending
PO0029,V017,Fertilizers,2022-12-11,44,3296.79,145058.56,Delivered
PO0030,V007,Fertilizers,2022-04-15,109,3176.46,346234.66,Delivered
PO0031,V003,Pesticides,2022-04-05,126,4012.37,505558.64,Delivered
PO0032,V008,Pesticides,2023-01-25,104,4777.47,496857.28,Cancelled
PO0033,V024,Equipment,2022-04-10,181,24614.51,4455226.5,Delivered
PO0034,V014,Equipment,2023-01-03,200,21289.38,4257876.8,Delivered
PO0035,V016,Seeds,2022-12-19,188,4368.84,821341.67,Delivered
PO0036,V018,Pesticides,2022-09-28,148,4170.5,617233.6,Pending
PO0037,V025,Packaging,2022-02-14,117,1650.73,193135.81,Pending
PO0038,V008,Pesticides,2023-04-16,160,4565.89,730541.72,Delivered
PO0039,V023,Pesticides,2022-05-08,200,4806.77,961353.39,Delivered
PO0040,V016,Seeds,2023-01-23,196,5041.66,988164.82,Pending
PO0041,V021,Seeds,2022-03-22,49,4416.78,216422.23,Delivered
PO0042,V023,Pesticides,2022-10-28,116,4213.94,488816.71,Delivered
PO0043,V016,Seeds,2023-01-06,177,4701.73,832205.64,Delivered
PO0044,V015,Packaging,2022-07-16,35,1296.49,45377.05,Pending
PO0045,V001,Seeds,2022-03-13,135,4879.74,658764.67,Delivered
PO0046,V003,Pesticides,2022-02-16,167,4896.76,817759.55,Delivered
PO0047,V010,Packaging,2022-08-22,114,1480.7,168799.93,Delivered
PO0048,V008,Pesticides,2022-10-24,81,3974.66,321947.31,Partially Delivered
PO0049,V013,Pesticides,2022-03-23,18,5046.95,90845.07,Cancelled
PO0050,V023,Pesticides,2022-08-27,186,4630.6,861291.17,Cancelled
PO0051,V008,Pesticides,2022-04-14,104,3847.19,400107.52,Delivered
PO0052,V010,Packaging,2023-01-25,65,1506.92,97949.74,Delivered
PO0053,V022,Fertilizers,2022-10-12,123,2767.74,340432.55,Delivered
PO0054,V019,Equipment,2023-04-10,123,22326.83,2746199.64,Partially Delivered
PO0055,V012,Fertilizers,2023-01-09,70,2936.32,205542.05,Partially Delivered
PO0056,V016,Seeds,2022-06-16,102,5172.21,527565.87,Pending
PO0057,V018,Pesticides,2023-01-15,35,4149.76,145241.66,Pending
PO0058,V017,Fertilizers,2022-12-30,185,2924.91,541108.5,Delivered
PO0059,V012,Fertilizers,2022-08-03,104,3147.93,327385.15,Delivered
PO0060,V014,Equipment,2022-10-01,149,21892.1,3261923.59,Delivered
PO0061,V024,Equipment,2022-03-15,175,28559.91,4997984.02,Delivered
PO0062,V018,Pesticides,2022-06-25,101,3916.37,395553.08,Pending
PO0063,V011,Seeds,2022-09-08,25,5039.09,125977.23,Delivered
PO0064,V012,Fertilizers,2022-06-17,111,3006.59,333732.04,Pending
PO0065,V023,Pesticides,2023-04-19,80,5159.25,412739.8,Delivered
PO0066,V015,Packaging,2023-01-24,58,1524.37,88413.37,Pending
PO0067,V009,Equipment,2022-10-04,41,24178.4,991314.52,Pending
PO0068,V010,Packaging,2022-08-13,126,1486.56,187306.66,Cancelled
PO0069,V009,Equipment,2022-11-29,33,26017.53,858578.52,Delivered
PO0070,V008,Pesticides,2022-02-27,179,5149.4,921743.18,Partially Delivered
PO0071,V004,Equipment,2022-08-23,64,23152.38,1481752.13,Delivered
PO0072,V024,Equipment,2022-02-02,174,21371.82,3718696.11,Delivered
PO0073,V007,Fertilizers,2022-11-20,173,3259.67,563922.57,Delivered
PO0074,V011,Seeds,2023-02-15,162,4767.2,772287.01,Delivered
PO0075,V004,Equipment,2022-10-02,15,26747.06,401205.86,Delivered
PO0076,V024,Equipment,2022-03-09,22,25961.93,571162.4,Cancelled
PO0077,V018,Pesticides,2022-08-05,95,4866.53,462320.05,Pending
PO0078,V025,Packaging,2022-11-19,72,1605.83,115620.06,Delivered
PO0079,V023,Pesticides,2022-08-06,42,4273.9,179503.81,Pending
PO0080,V006,Seeds,2023-05-27,154,4316.5,664741.54,Delivered
PO0081,V007,Fertilizers,2023-02-10,62,3041.41,188567.57,Delivered
PO0082,V007,Fertilizers,2023-04-15,27,3282.16,88618.27,Pending
PO0083,V024,Equipment,2022-05-27,151,22563.17,3407038.44,Delivered
PO0084,V016,Seeds,2022-09-29,63,5418.71,341378.98,Cancelled
PO0085,V009,Equipment,2022-05-23,160,24734.67,3957547.48,Delivered
PO0086,V024,Equipment,2022-09-10,65,26465.42,1720252.26,Pending
PO0087,V019,Equipment,2022-09-27,69,25988.02,1793173.3,Pending
PO0088,V025,Packaging,2023-03-15,94,1640.17,154176.35,Delivered
PO0089,V017,Fertilizers,2023-02-13,47,2606.79,122519.15,Delivered
PO0090,V020,Packaging,2023-01-06,162,1624.29,263134.28,Cancelled
PO0091,V010,Packaging,2022-08-13,10,1480.96,14809.56,Delivered
PO0092,V004,Equipment,2022-05-22,80,23450.82,1876065.54,Partially Delivered
PO0093,V007,Fertilizers,2023-06-06,47,2589.43,121703.01,Delivered
PO0094,V010,Packaging,2023-05-21,43,1364.76,58684.74,Partially Delivered
PO0095,V008,Pesticides,2022-04-04,148,3881.57,574472.81,Partially Delivered
PO0096,V012,Fertilizers,2022-02-18,74,3390.03,250862.51,Delivered
PO0097,V006,Seeds,2022-04-23,54,5023.08,271246.07,Partially Delivered
PO0098,V010,Packaging,2022-06-06,38,1720.11,65364.0,Delivered
PO0099,V001,Seeds,2022-06-13,179,5064.55,906553.74,Delivered
PO0100,V023,Pesticides,2023-03-09,16,4166.97,66671.58,Delivered
PO0101,V018,Pesticides,2022-03-07,43,4841.94,208203.54,Delivered
PO0102,V005,Packaging,2023-01-30,13,1361.0,17692.96,Cancelled
PO0103,V009,Equipment,2023-01-26,101,23927.31,2416657.94,Delivered
PO0104,V002,Fertilizers,2023-04-25,70,3252.76,227693.02,Pending
PO0105,V002,Fertilizers,2023-06-26,160,3329.22,532674.95,Delivered
PO0106,V018,Pesticides,2022-09-15,92,4273.1,393125.05,Delivered
PO0107,V010,Packaging,2022-01-12,14,1331.01,18634.19,Delivered
PO0108,V023,Pesticides,2022-04-28,54,4321.83,233378.6,Delivered
PO0109,V005,Packaging,2022-10-01,77,1675.27,128995.71,Delivered
PO0110,V021,Seeds,2022-12-15,23,5364.96,123394.12,Delivered
PO0111,V025,Packaging,2022-04-25,42,1677.59,70458.65,Delivered
PO0112,V016,Seeds,2022-10-28,199,4829.97,961163.46,Partially Delivered
PO0113,V004,Equipment,2023-03-22,117,28552.93,3340692.45,Delivered
PO0114,V001,Seeds,2022-06-11,144,4994.3,719179.9,Pending
PO0115,V019,Equipment,2023-04-10,39,24981.43,974275.59,Cancelled
PO0116,V010,Packaging,2022-01-04,200,1690.94,338187.94,Delivered
PO0117,V016,Seeds,2022-09-27,26,5028.91,130751.76,Delivered
PO0118,V016,Seeds,2023-05-28,131,5451.72,714175.6,Delivered
PO0119,V015,Packaging,2022-07-02,124,1602.19,198671.14,Delivered
PO0120,V011,Seeds,2023-06-04,102,4368.39,445575.83,Delivered
PO0121,V006,Seeds,2022-04-19,141,5153.68,726668.87,Delivered
PO0122,V002,Fertilizers,2022-11-02,161,3290.11,529707.25,Partially Delivered
PO0123,V009,Equipment,2023-06-04,37,25341.06,937619.15,Delivered
PO0124,V016,Seeds,2022-07-23,125,4731.82,591477.14,Delivered
PO0125,V004,Equipment,2022-06-06,138,21850.52,3015371.32,Delivered
PO0126,V003,Pesticides,2023-01-18,66,4717.24,311337.9,Delivered
PO0127,V013,Pesticides,2022-06-15,167,4238.77,707874.49,Delivered
PO0128,V016,Seeds,2023-06-28,21,5153.93,108232.58,Pending
PO0129,V003,Pesticides,2022-01-01,196,4400.26,862450.31,Delivered
PO0130,V019,Equipment,2022-11-28,178,26423.24,4703336.02,Pending
PO0131,V021,Seeds,2023-05-16,143,4777.32,683156.83,Pending
PO0132,V022,Fertilizers,2022-01-20,87,2588.12,225166.41,Delivered
PO0133,V002,Fertilizers,2022-04-25,127,3333.03,423295.25,Pending
PO0134,V005,Packaging,2023-01-07,174,1433.65,249455.39,Partially Delivered
PO0135,V005,Packaging,2022-11-11,17,1724.17,29310.85,Delivered
PO0136,V019,Equipment,2022-09-03,25,23309.17,582729.13,Delivered
PO0137,V010,Packaging,2022-03-01,132,1716.01,226513.62,Delivered
PO0138,V003,Pesticides,2022-09-04,112,5104.67,571723.14,Pending
PO0139,V008,Pesticides,2022-03-22,119,3926.31,467230.36,Delivered
PO0140,V004,Equipment,2022-03-29,185,26031.34,4815798.65,Pending
PO0141,V018,Pesticides,2023-05-13,37,4315.47,159672.39,Delivered
PO0142,V025,Packaging,2022-03-12,135,1635.49,220791.58,Cancelled
PO0143,V014,Equipment,2023-06-30,192,26345.58,5058351.28,Delivered
PO0144,V020,Packaging,2022-05-09,123,1703.76,209561.89,Delivered
PO0145,V020,Packaging,2022-05-12,28,1339.25,37499.02,Delivered
PO0146,V020,Packaging,2023-05-02,30,1548.41,46452.23,Delivered
PO0147,V008,Pesticides,2022-06-19,92,4879.77,448938.95,Pending
PO0148,V025,Packaging,2022-09-29,165,1290.66,212958.82,Partially Delivered
PO0149,V017,Fertilizers,2023-06-25,47,2610.51,122693.97,Pending
PO0150,V013,Pesticides,2023-03-10,26,4876.0,126775.89,Pending
PO0151,V015,Packaging,2022-08-05,42,1439.85,60473.61,Delivered
PO0152,V015,Packaging,2022-07-25,80,1447.28,115782.76,Pending
PO0153,V010,Packaging,2022-11-16,169,1530.26,258613.96,Delivered
PO0154,V019,Equipment,2023-02-13,172,25788.21,4435572.33,Pending
PO0155,V014,Equipment,2023-01-18,159,26342.97,4188531.5,Delivered
PO0156,V010,Packaging,2023-03-25,150,1701.97,255295.59,Delivered
PO0157,V019,Equipment,2023-06-14,192,24040.1,4615699.26,Delivered
PO0158,V020,Packaging,2023-04-08,93,1618.39,150510.09,Delivered
PO0159,V002,Fertilizers,2022-05-04,107,3066.53,328118.67,Pending
PO0160,V020,Packaging,2022-09-11,162,1513.26,245147.63,Delivered
PO0161,V024,Equipment,2022-08-19,145,24235.26,3514112.02,Delivered
PO0162,V004,Equipment,2022-03-07,85,26121.71,2220344.97,Delivered
PO0163,V025,Packaging,2022-12-13,126,1387.33,174802.98,Delivered
PO0164,V007,Fertilizers,2022-01-22,139,2652.1,368642.42,Delivered
PO0165,V021,Seeds,2022-08-24,164,5353.51,877976.02,Delivered
PO0166,V007,Fertilizers,2022-08-14,120,2999.14,359896.75,Delivered
PO0167,V009,Equipment,2022-01-08,35,24152.41,845334.19,Delivered
PO0168,V022,Fertilizers,2022-03-14,189,3055.51,577490.53,Partially Delivered
PO0169,V003,Pesticides,2022-03-02,39,4178.4,162957.54,Delivered
PO0170,V006,Seeds,2022-08-23,177,4640.43,821356.93,Pending
PO0171,V008,Pesticides,2022-03-11,176,4427.47,779234.49,Pending
PO0172,V006,Seeds,2022-02-02,151,5744.55,867426.7,Pending
PO0173,V018,Pesticides,2022-12-05,194,4210.53,816842.58,Cancelled
PO0174,V003,Pesticides,2022-03-14,65,5062.25,329046.02,Delivered
PO0175,V006,Seeds,2023-06-11,120,4986.8,598416.04,Delivered
PO0176,V001,Seeds,2022-09-01,125,4433.96,554244.52,Delivered
PO0177,V014,Equipment,2022-10-13,68,27646.2,1879941.41,Delivered
PO0178,V015,Packaging,2023-05-13,115,1478.42,170018.21,Delivered
PO0179,V023,Pesticides,2022-08-08,96,5038.22,483668.8,Pending
PO0180,V020,Packaging,2022-05-16,126,1475.3,185887.8,Delivered
PO0181,V016,Seeds,2023-04-30,112,4381.69,490748.84,Delivered
PO0182,V010,Packaging,2022-09-06,116,1581.87,183496.71,Delivered
PO0183,V002,Fertilizers,2023-04-30,196,3310.97,648949.94,Delivered
PO0184,V008,Pesticides,2023-02-21,34,4256.44,144719.08,Delivered
PO0185,V010,Packaging,2022-07-14,90,1431.34,128820.72,Partially Delivered
PO0186,V023,Pesticides,2022-04-07,119,3912.67,465607.46,Delivered
PO0187,V010,Packaging,2022-04-10,90,1518.98,136707.94,Pending
PO0188,V023,Pesticides,2023-03-18,180,5028.3,905093.6,Pending
PO0189,V015,Packaging,2022-12-29,75,1658.11,124358.47,Pending
PO0190,V003,Pesticides,2023-03-10,105,4785.94,502523.94,Cancelled
PO0191,V022,Fertilizers,2023-02-25,49,3384.59,165845.01,Pending
PO0192,V008,Pesticides,2023-04-24,185,4685.9,866890.58,Delivered
PO0193,V009,Equipment,2022-02-25,131,27202.72,3563556.7,Delivered
PO0194,V021,Seeds,2022-04-11,27,5013.13,135354.61,Delivered
PO0195,V019,Equipment,2022-03-04,33,22160.22,731287.21,Delivered
PO0196,V022,Fertilizers,2023-02-17,31,2730.88,84657.35,Delivered
PO0197,V007,Fertilizers,2022-12-14,33,2674.99,88274.64,Delivered
PO0198,V014,Equipment,2022-04-22,120,27177.8,3261335.75,Delivered
PO0199,V004,Equipment,2022-09-12,34,21447.13,729202.43,Delivered
PO0200,V018,Pesticides,2022-07-16,200,4572.93,914585.79,Pending
PO0201,V008,Pesticides,2022-07-14,199,4323.03,860282.98,Delivered
PO0202,V021,Seeds,2023-04-05,105,5455.49,572826.72,Cancelled
PO0203,V005,Packaging,2022-05-24,43,1523.24,65499.37,Delivered
PO0204,V009,Equipment,2023-03-09,152,25839.61,3927621.13,Delivered
PO0205,V005,Packaging,2022-07-07,25,1313.8,32844.92,Delivered
PO0206,V003,Pesticides,2022-10-13,160,4242.54,678806.79,Delivered
PO0207,V002,Fertilizers,2023-04-19,153,3449.64,527794.24,Cancelled
PO0208,V006,Seeds,2022-09-13,153,5328.3,815230.59,Cancelled
PO0209,V010,Packaging,2022-03-19,94,1511.56,142086.93,Delivered
PO0210,V020,Packaging,2023-03-30,181,1621.12,293423.45,Delivered
PO0211,V024,Equipment,2022-04-11,41,27425.05,1124426.87,Delivered
PO0212,V019,Equipment,2022-02-21,115,21803.13,2507359.99,Cancelled
PO0213,V010,Packaging,2022-01-16,100,1712.57,171257.09,Cancelled
PO0214,V015,Packaging,2022-04-06,180,1564.05,281529.43,Delivered
PO0215,V004,Equipment,2022-08-31,118,24624.81,2905727.43,Delivered
PO0216,V015,Packaging,2022-06-20,194,1581.05,306723.51,Cancelled
PO0217,V023,Pesticides,2023-02-21,23,4290.09,98672.18,Delivered
PO0218,V010,Packaging,2023-05-13,83,1670.08,138616.81,Partially Delivered
PO0219,V023,Pesticides,2023-05-08,163,4878.35,795171.86,Delivered
PO0220,V013,Pesticides,2022-08-07,89,4688.72,417296.24,Pending
PO0221,V009,Equipment,2023-02-15,100,22614.72,2261472.35,Pending
PO0222,V017,Fertilizers,2022-03-02,36,3419.64,123106.97,Delivered
PO0223,V018,Pesticides,2022-06-18,157,4409.03,692218.45,Delivered
PO0224,V016,Seeds,2023-01-24,139,5616.07,780633.51,Delivered
PO0225,V015,Packaging,2022-01-03,64,1299.94,83195.89,Delivered
PO0226,V003,Pesticides,2023-02-04,49,3992.62,195638.26,Pending
PO0227,V020,Packaging,2022-09-29,178,1343.86,239206.54,Delivered
PO0228,V002,Fertilizers,2023-04-11,133,2698.19,358859.45,Cancelled
PO0229,V014,Equipment,2022-10-20,67,23669.96,1585887.03,Delivered
PO0230,V024,Equipment,2023-03-10,37,26569.99,983089.67,Pending
PO0231,V011,Seeds,2023-05-14,99,4769.03,472134.43,Delivered
PO0232,V020,Packaging,2022-06-08,152,1698.41,258157.84,Partially Delivered
PO0233,V009,Equipment,2022-07-14,104,27961.94,2908042.22,Pending
PO0234,V001,Seeds,2022-10-31,39,5518.9,215237.12,Delivered
PO0235,V003,Pesticides,2022-08-11,81,4163.32,337228.69,Partially Delivered
PO0236,V008,Pesticides,2022-03-01,156,4682.33,730443.02,Delivered
PO0237,V022,Fertilizers,2022-03-04,67,3045.76,204065.74,Delivered
PO0238,V019,Equipment,2022-11-18,119,22188.78,2640464.49,Pending
PO0239,V019,Equipment,2022-02-28,153,23521.18,3598741.24,Delivered
PO0240,V001,Seeds,2022-02-21,169,5050.22,853486.68,Pending
PO0241,V025,Packaging,2023-05-04,167,1501.16,250693.37,Partially Delivered
PO0242,V022,Fertilizers,2023-05-30,182,2701.77,491722.56,Delivered
PO0243,V009,Equipment,2023-06-28,174,28312.05,4926297.12,Pending
PO0244,V019,Equipment,2022-06-11,152,22406.46,3405781.46,Delivered
PO0245,V002,Fertilizers,2022-02-28,16,3142.86,50285.75,Delivered
PO0246,V025,Packaging,2023-06-05,165,1599.28,263881.98,Partially Delivered
PO0247,V025,Packaging,2022-03-24,178,1547.31,275421.63,Delivered
PO0248,V006,Seeds,2022-07-10,187,5513.8,1031079.67,Delivered
PO0249,V016,Seeds,2022-03-12,78,5095.43,397443.31,Partially Delivered
PO0250,V017,Fertilizers,2022-03-11,17,3292.71,55976.11,Delivered
PO0251,V021,Seeds,2022-08-29,56,4292.56,240383.37,Pending
PO0252,V015,Packaging,2023-02-18,79,1295.46,102341.17,Pending
PO0253,V009,Equipment,2022-05-03,189,26060.9,4925510.67,Delivered
PO0254,V006,Seeds,2022-09-10,89,5115.16,455248.96,Delivered
PO0255,V019,Equipment,2022-02-10,96,26133.47,2508813.58,Pending
PO0256,V014,Equipment,2022-03-25,99,27002.19,2673217.06,Pending
PO0257,V021,Seeds,2023-03-06,11,4874.88,53623.68,Delivered
PO0258,V016,Seeds,2023-06-20,56,5208.49,291675.26,Delivered
PO0259,V003,Pesticides,2022-11-20,46,4497.35,206878.16,Pending
PO0260,V016,Seeds,2022-09-25,154,5190.75,799374.89,Delivered
PO0261,V012,Fertilizers,2022-07-29,178,2810.7,500305.4,Pending
PO0262,V014,Equipment,2022-11-18,112,28424.88,3183586.14,Delivered
PO0263,V011,Seeds,2022-09-02,27,4974.42,134309.27,Delivered
PO0264,V011,Seeds,2022-09-29,46,5457.03,251023.48,Delivered
PO0265,V022,Fertilizers,2023-02-10,199,3166.49,630131.86,Delivered
PO0266,V004,Equipment,2022-05-15,172,23480.75,4038689.69,Delivered
PO0267,V006,Seeds,2022-11-04,17,4359.46,74110.81,Delivered
PO0268,V011,Seeds,2023-04-14,33,4339.87,143215.7,Delivered
PO0269,V014,Equipment,2022-11-20,145,24547.04,3559320.98,Delivered
PO0270,V023,Pesticides,2022-03-16,65,4478.74,291118.04,Delivered
PO0271,V016,Seeds,2022-01-10,106,4556.03,482939.66,Delivered
PO0272,V010,Packaging,2023-04-15,117,1548.0,181115.66,Delivered
PO0273,V022,Fertilizers,2022-04-13,126,2831.32,356746.86,Delivered
PO0274,V013,Pesticides,2022-03-17,97,4794.79,465094.62,Delivered
PO0275,V025,Packaging,2022-08-07,50,1605.39,80269.49,Delivered
PO0276,V018,Pesticides,2023-06-03,104,4987.05,518653.14,Delivered
PO0277,V002,Fertilizers,2022-09-29,89,3427.84,305077.47,Delivered
PO0278,V015,Packaging,2022-05-16,194,1333.84,258765.89,Delivered
PO0279,V003,Pesticides,2022-12-24,93,4325.23,402246.32,Delivered
PO0280,V011,Seeds,2022-03-12,155,5092.48,789333.91,Delivered
PO0281,V009,Equipment,2022-09-08,162,23643.37,3830225.8,Delivered
PO0282,V011,Seeds,2023-01-14,31,4949.71,153440.97,Cancelled
PO0283,V004,Equipment,2022-10-19,23,23256.04,534888.86,Cancelled
PO0284,V025,Packaging,2022-06-11,49,1386.56,67941.61,Partially Delivered
PO0285,V013,Pesticides,2023-03-25,50,3955.7,197784.79,Delivered
PO0286,V017,Fertilizers,2022-11-06,168,2811.19,472280.06,Delivered
PO0287,V001,Seeds,2023-06-26,22,4826.22,106176.94,Delivered
PO0288,V022,Fertilizers,2022-01-09,182,3103.84,564898.83,Delivered
PO0289,V018,Pesticides,2022-11-03,30,4160.16,124804.95,Delivered
PO0290,V015,Packaging,2022-04-17,79,1664.39,131486.68,Delivered
PO0291,V014,Equipment,2022-05-18,123,22447.75,2761072.94,Delivered
PO0292,V002,Fertilizers,2022-09-28,179,2844.69,509199.91,Delivered
PO0293,V007,Fertilizers,2022-04-29,118,3069.92,362250.36,Delivered
PO0294,V017,Fertilizers,2022-04-20,134,2831.44,379413.42,Delivered
PO0295,V012,Fertilizers,2022-06-09,165,3236.81,534073.52,Delivered
PO0296,V020,Packaging,2022-10-06,123,1499.22,184404.0,Delivered
PO0297,V025,Packaging,2022-10-16,116,1506.63,174768.64,Delivered
PO0298,V016,Seeds,2022-08-04,79,4998.14,394853.03,Delivered
PO0299,V021,Seeds,2022-12-18,65,4712.81,306332.7,Delivered
PO0300,V015,Packaging,2022-07-28,141,1285.43,181245.54,Delivered
PO0301,V025,Packaging,2022-09-28,39,1700.35,66313.84,Delivered
PO0302,V002,Fertilizers,2023-06-02,98,3004.9,294480.2,Delivered
PO0303,V007,Fertilizers,2023-05-16,120,3420.02,410402.16,Partially Delivered
PO0304,V009,Equipment,2022-09-15,38,22863.58,868816.16,Delivered
PO0305,V018,Pesticides,2022-02-22,82,4301.41,352715.49,Delivered
PO0306,V005,Packaging,2022-04-05,183,1297.74,237487.0,Pending
PO0307,V010,Packaging,2023-03-10,183,1497.7,274079.54,Delivered
PO0308,V015,Packaging,2022-10-11,161,1672.05,269200.5,Delivered
PO0309,V023,Pesticides,2022-02-15,134,4708.25,630905.64,Pending
PO0310,V016,Seeds,2022-01-04,144,4955.88,713646.76,Cancelled
PO0311,V004,Equipment,2022-12-08,180,25275.18,4549532.51,Partially Delivered
PO0312,V001,Seeds,2022-05-14,88,5520.76,485826.75,Delivered
PO0313,V021,Seeds,2022-09-26,21,4896.39,102824.22,Delivered
PO0314,V020,Packaging,2022-06-15,66,1672.11,110358.94,Partially Delivered
PO0315,V008,Pesticides,2023-03-29,111,4807.14,533592.08,Delivered
PO0316,V023,Pesticides,2023-03-14,163,4856.21,791561.68,Delivered
PO0317,V006,Seeds,2022-01-10,24,4798.91,115173.74,Partially Delivered
PO0318,V010,Packaging,2022-04-25,11,1455.26,16007.88,Partially Delivered
PO0319,V018,Pesticides,2022-03-19,62,4594.88,284882.57,Delivered
PO0320,V001,Seeds,2022-06-02,87,4541.98,395152.52,Pending
PO0321,V018,Pesticides,2022-02-06,64,4571.85,292598.46,Delivered
PO0322,V014,Equipment,2023-01-14,45,21801.49,981066.97,Delivered
PO0323,V003,Pesticides,2022-06-01,75,4505.74,337930.87,Delivered
PO0324,V008,Pesticides,2023-03-17,84,4856.95,407983.43,Delivered
PO0325,V004,Equipment,2022-05-11,93,23347.91,2171355.17,Pending
PO0326,V015,Packaging,2022-02-12,40,1720.09,68803.63,Delivered
PO0327,V004,Equipment,2022-11-12,11,26352.99,289882.89,Delivered
PO0328,V021,Seeds,2023-01-09,137,4428.22,606665.66,Delivered
PO0329,V005,Packaging,2022-02-10,120,1713.79,205654.47,Delivered
PO0330,V016,Seeds,2023-01-02,54,4840.86,261406.2,Delivered
PO0331,V023,Pesticides,2022-08-04,43,4898.11,210618.78,Pending
PO0332,V010,Packaging,2022-09-13,107,1427.59,152751.96,Delivered
PO0333,V017,Fertilizers,2022-04-16,146,3395.05,495677.84,Partially Delivered
PO0334,V023,Pesticides,2022-12-29,190,4844.2,920398.57,Delivered
PO0335,V009,Equipment,2023-02-21,68,22742.93,1546519.52,Pending
PO0336,V014,Equipment,2022-06-08,138,25068.42,3459441.8,Delivered
PO0337,V016,Seeds,2022-08-31,153,5000.12,765017.88,Delivered
PO0338,V016,Seeds,2022-06-16,181,4317.96,781549.86,Pending
PO0339,V008,Pesticides,2022-07-01,100,4010.0,400999.91,Pending
PO0340,V015,Packaging,2023-02-27,28,1424.87,39896.31,Pending
PO0341,V018,Pesticides,2022-01-26,111,4464.55,495565.56,Delivered
PO0342,V005,Packaging,2022-07-03,199,1480.64,294648.33,Delivered
PO0343,V013,Pesticides,2022-12-07,20,4643.45,92869.03,Delivered
PO0344,V007,Fertilizers,2023-02-26,121,3013.96,364688.57,Delivered
PO0345,V020,Packaging,2022-09-12,14,1422.58,19916.18,Pending
PO0346,V017,Fertilizers,2022-10-01,127,3101.76,393923.69,Pending
PO0347,V024,Equipment,2022-06-13,29,22468.77,651594.19,Pending
PO0348,V005,Packaging,2022-04-21,90,1720.78,154869.94,Delivered
PO0349,V003,Pesticides,2023-01-27,157,4823.08,757223.74,Partially Delivered
PO0350,V009,Equipment,2022-02-09,119,23494.26,2795816.65,Delivered
PO0351,V025,Packaging,2023-04-27,156,1426.37,222513.42,Delivered
PO0352,V014,Equipment,2022-08-16,113,27462.17,3103225.25,Delivered
PO0353,V011,Seeds,2022-07-24,191,5048.51,964265.36,Cancelled
PO0354,V017,Fertilizers,2023-04-17,173,3187.87,551500.79,Pending
PO0355,V009,Equipment,2022-12-25,116,23498.43,2725817.79,Delivered
PO0356,V001,Seeds,2022-11-09,84,5473.62,459784.35,Pending
PO0357,V010,Packaging,2022-08-22,39,1440.76,56189.68,Delivered
PO0358,V024,Equipment,2022-08-17,113,26303.55,2972300.92,Cancelled
PO0359,V010,Packaging,2022-01-25,15,1715.95,25739.31,Delivered
PO0360,V019,Equipment,2022-07-17,93,25627.77,2383382.24,Delivered
PO0361,V019,Equipment,2023-02-13,53,27225.66,1442960.04,Delivered
PO0362,V022,Fertilizers,2022-12-03,168,3202.79,538069.02,Pending
PO0363,V016,Seeds,2022-10-13,127,5282.07,670822.32,Pending
PO0364,V005,Packaging,2022-03-13,186,1286.99,239380.37,Delivered
PO0365,V015,Packaging,2022-10-13,102,1488.57,151833.69,Delivered
PO0366,V018,Pesticides,2022-12-26,32,5130.55,164177.45,Delivered
PO0367,V016,Seeds,2023-06-06,121,5424.36,656347.07,Partially Delivered
PO0368,V012,Fertilizers,2023-02-14,37,3248.55,120196.2,Pending
PO0369,V011,Seeds,2022-12-06,72,5116.45,368384.51,Delivered
PO0370,V018,Pesticides,2022-01-29,121,4798.89,580665.71,Pending
PO0371,V025,Packaging,2022-04-29,160,1537.59,246013.68,Partially Delivered
PO0372,V018,Pesticides,2022-09-25,112,4055.19,454181.42,Delivered
PO0373,V013,Pesticides,2022-07-02,144,4674.18,673082.51,Delivered
PO0374,V015,Packaging,2022-09-29,30,1553.88,46616.43,Delivered
PO0375,V011,Seeds,2022-02-09,111,5511.75,611804.33,Delivered
PO0376,V007,Fertilizers,2022-04-22,89,2683.0,238786.83,Delivered
PO0377,V023,Pesticides,2023-03-21,200,4743.98,948796.26,Delivered
PO0378,V008,Pesticides,2022-12-20,96,3867.62,371291.54,Delivered
PO0379,V019,Equipment,2022-11-18,66,28361.54,1871861.56,Delivered
PO0380,V013,Pesticides,2023-03-23,95,3973.36,377469.1,Delivered
PO0381,V008,Pesticides,2023-06-08,53,3850.57,204079.97,Pending
PO0382,V025,Packaging,2022-04-29,29,1416.16,41068.69,Delivered
PO0383,V014,Equipment,2023-01-30,140,22385.73,3134002.82,Delivered
PO0384,V002,Fertilizers,2022-07-14,172,3171.45,545489.44,Delivered
PO0385,V011,Seeds,2022-09-18,39,4865.57,189757.08,Delivered
PO0386,V024,Equipment,2022-02-15,145,27062.29,3924032.38,Delivered
PO0387,V016,Seeds,2023-03-23,140,5630.78,788309.4,Delivered
PO0388,V023,Pesticides,2022-01-02,59,5003.3,295194.93,Partially Delivered
PO0389,V013,Pesticides,2023-06-17,99,4818.38,477019.65,Delivered
PO0390,V013,Pesticides,2022-07-21,99,3909.08,386998.89,Partially Delivered
PO0391,V022,Fertilizers,2023-01-08,196,2674.27,524157.75,Delivered
PO0392,V021,Seeds,2023-03-18,175,4561.01,798177.2,Delivered
PO0393,V005,Packaging,2022-03-13,47,1421.27,66799.8,Delivered
PO0394,V016,Seeds,2022-12-05,70,5243.34,367033.81,Delivered
PO0395,V002,Fertilizers,2022-11-18,36,3022.93,108825.46,Delivered
PO0396,V005,Packaging,2022-05-08,47,1416.19,66560.87,Delivered
PO0397,V017,Fertilizers,2022-11-04,75,2705.86,202939.81,Delivered
PO0398,V019,Equipment,2023-06-04,60,28090.93,1685455.87,Pending
PO0399,V011,Seeds,2022-11-13,54,4763.49,257228.49,Delivered
PO0400,V004,Equipment,2023-02-23,164,23907.15,3920773.0,Delivered
PO0401,V015,Packaging,2022-12-01,49,1622.4,79497.37,Pending
PO0402,V004,Equipment,2023-02-17,177,26656.93,4718277.36,Delivered
PO0403,V017,Fertilizers,2022-10-30,29,3128.98,90740.37,Pending
PO0404,V015,Packaging,2022-05-11,55,1586.99,87284.5,Delivered
PO0405,V001,Seeds,2022-07-16,170,5165.11,878069.53,Pending
PO0406,V024,Equipment,2023-03-07,136,22691.98,3086109.45,Delivered
PO0407,V005,Packaging,2023-01-24,128,1385.93,177399.5,Partially Delivered
PO0408,V014,Equipment,2022-06-28,154,25435.65,3917090.08,Delivered
PO0409,V021,Seeds,2022-11-05,158,4587.3,724793.49,Delivered
PO0410,V005,Packaging,2023-02-20,124,1712.81,212388.41,Delivered
PO0411,V003,Pesticides,2022-01-01,184,4226.78,777727.46,Delivered
PO0412,V016,Seeds,2022-11-08,154,4683.51,721259.96,Partially Delivered
PO0413,V009,Equipment,2022-10-21,174,22804.58,3967997.52,Delivered
PO0414,V011,Seeds,2022-08-04,172,5307.48,912886.97,Delivered
PO0415,V020,Packaging,2023-03-17,169,1417.67,239585.95,Delivered
PO0416,V023,Pesticides,2022-11-26,92,4295.88,395221.35,Delivered
PO0417,V013,Pesticides,2023-04-22,170,5085.5,864534.24,Delivered
PO0418,V021,Seeds,2023-03-29,90,5443.11,489879.72,Delivered
PO0419,V003,Pesticides,2023-03-29,48,4194.17,201320.05,Delivered
PO0420,V011,Seeds,2022-08-07,122,4432.81,540802.96,Delivered
PO0421,V022,Fertilizers,2023-06-08,27,3158.96,85291.92,Delivered
PO0422,V018,Pesticides,2023-04-30,130,4337.59,563886.33,Delivered
PO0423,V013,Pesticides,2022-06-23,123,5148.22,633230.66,Pending
PO0424,V011,Seeds,2022-03-28,171,5477.57,936663.82,Delivered
PO0425,V021,Seeds,2022-10-18,87,5681.91,494326.46,Pending
PO0426,V023,Pesticides,2023-06-12,80,4911.23,392898.51,Pending
PO0427,V025,Packaging,2022-12-10,161,1405.7,226318.29,Delivered
PO0428,V016,Seeds,2022-04-06,24,4681.45,112354.69,Delivered
PO0429,V018,Pesticides,2022-08-29,100,4789.09,478909.07,Cancelled
PO0430,V002,Fertilizers,2022-11-14,139,2861.73,397780.08,Delivered
PO0431,V020,Packaging,2022-08-19,28,1474.07,41273.94,Delivered
PO0432,V003,Pesticides,2022-07-23,89,4171.2,371236.74,Delivered
PO0433,V008,Pesticides,2022-05-31,128,4471.76,572384.9,Delivered
PO0434,V021,Seeds,2022-01-26,125,4553.1,569137.75,Cancelled
PO0435,V022,Fertilizers,2022-02-17,19,3034.72,57659.68,Delivered
PO0436,V010,Packaging,2022-09-08,24,1694.86,40676.66,Delivered
PO0437,V008,Pesticides,2023-05-02,104,4764.83,495542.45,Delivered
PO0438,V024,Equipment,2022-03-16,83,22279.55,1849202.41,Delivered
PO0439,V003,Pesticides,2023-04-12,29,4656.16,135028.76,Delivered
PO0440,V014,Equipment,2023-03-01,175,25651.23,4488965.03,Delivered
PO0441,V004,Equipment,2022-07-19,33,23068.44,761258.36,Pending
PO0442,V025,Packaging,2023-01-29,167,1576.43,263263.02,Delivered
PO0443,V021,Seeds,2023-05-22,162,5046.56,817543.08,Pending
PO0444,V023,Pesticides,2023-02-14,139,4686.23,651385.3,Pending
PO0445,V004,Equipment,2022-09-07,108,21643.68,2337517.8,Delivered
PO0446,V015,Packaging,2022-06-01,128,1460.99,187006.16,Delivered
PO0447,V006,Seeds,2022-01-06,158,5326.04,841513.86,Delivered
PO0448,V023,Pesticides,2022-04-20,151,3960.74,598071.08,Delivered
PO0449,V010,Packaging,2023-03-12,199,1621.84,322747.1,Delivered
PO0450,V001,Seeds,2022-08-13,20,4257.77,85155.44,Delivered
PO0451,V002,Fertilizers,2022-06-30,125,3045.32,380664.66,Delivered
PO0452,V011,Seeds,2023-06-15,156,5643.65,880409.33,Pending
PO0453,V002,Fertilizers,2023-04-21,176,2916.22,513254.14,Delivered
PO0454,V010,Packaging,2022-02-21,58,1695.76,98354.34,Delivered
PO0455,V012,Fertilizers,2022-09-13,92,3340.56,307331.49,Delivered
PO0456,V012,Fertilizers,2022-05-05,164,2979.7,488671.4,Delivered
PO0457,V014,Equipment,2023-04-13,131,22745.92,2979715.5,Delivered
PO0458,V005,Packaging,2022-05-17,138,1708.76,235809.06,Delivered
PO0459,V008,Pesticides,2023-04-21,48,4258.58,204411.67,Pending
PO0460,V017,Fertilizers,2023-06-28,25,3131.31,78282.7,Delivered
PO0461,V014,Equipment,2022-11-21,125,28059.53,3507440.9,Partially Delivered
PO0462,V019,Equipment,2023-03-30,36,21920.96,789154.39,Delivered
PO0463,V022,Fertilizers,2023-06-01,97,3066.72,297471.84,Delivered
PO0464,V006,Seeds,2023-03-13,192,5052.73,970123.86,Delivered
PO0465,V006,Seeds,2023-04-02,31,5334.68,165374.97,Delivered
PO0466,V006,Seeds,2022-06-12,139,5655.0,786045.57,Delivered
PO0467,V003,Pesticides,2023-05-02,175,5057.86,885125.52,Delivered
PO0468,V020,Packaging,2023-04-06,54,1353.78,73104.07,Delivered
PO0469,V013,Pesticides,2022-09-23,20,5016.03,100320.61,Delivered
PO0470,V020,Packaging,2022-09-11,73,1354.1,98849.66,Delivered
PO0471,V022,Fertilizers,2022-10-11,191,3377.67,645135.22,Pending
PO0472,V008,Pesticides,2023-06-18,122,5171.18,630884.2,Partially Delivered
PO0473,V016,Seeds,2023-05-12,122,4845.49,591150.01,Delivered
PO0474,V019,Equipment,2022-09-02,144,24965.38,3595014.61,Delivered
PO0475,V005,Packaging,2022-10-09,143,1696.47,242595.77,Pending
PO0476,V008,Pesticides,2023-03-27,166,5123.88,850563.64,Delivered
PO0477,V015,Packaging,2022-03-21,50,1691.72,84585.89,Pending
PO0478,V021,Seeds,2022-10-20,103,5565.11,573206.82,Delivered
PO0479,V009,Equipment,2022-08-29,105,21319.5,2238547.9,Delivered
PO0480,V015,Packaging,2022-10-06,82,1530.58,125507.79,Delivered
PO0481,V009,Equipment,2022-12-10,109,22054.76,2403968.31,Pending
PO0482,V022,Fertilizers,2022-11-24,114,3434.69,391555.17,Delivered
PO0483,V001,Seeds,2022-03-24,96,4676.84,448976.88,Delivered
PO0484,V015,Packaging,2022-05-22,183,1720.09,314777.34,Delivered
PO0485,V010,Packaging,2022-06-04,163,1519.49,247676.09,Delivered
PO0486,V022,Fertilizers,2022-08-25,23,2994.52,68873.99,Delivered
PO0487,V018,Pesticides,2023-01-28,171,5092.06,870741.69,Pending
PO0488,V006,Seeds,2022-06-06,175,5526.59,967153.18,Pending
PO0489,V003,Pesticides,2022-08-08,95,4456.83,423398.66,Delivered
PO0490,V015,Packaging,2022-03-07,26,1361.77,35405.89,Delivered
PO0491,V012,Fertilizers,2023-03-01,94,2651.38,249229.92,Delivered
PO0492,V019,Equipment,2023-02-22,34,22468.71,763936.04,Pending
PO0493,V010,Packaging,2022-12-05,152,1481.51,225189.75,Pending
PO0494,V021,Seeds,2023-04-23,183,4635.9,848369.21,Delivered
PO0495,V014,Equipment,2023-03-02,108,22646.49,2445821.25,Pending
PO0496,V023,Pesticides,2022-03-05,82,4819.43,395193.6,Delivered
PO0497,V009,Equipment,2022-07-31,74,27180.76,2011376.05,Pending
PO0498,V015,Packaging,2023-03-07,195,1530.5,298447.8,Delivered
PO0499,V010,Packaging,2023-02-03,178,1615.78,287608.35,Partially Delivered
PO0500,V007,Fertilizers,2022-01-21,164,2707.95,444103.05,Delivered
PO0501,V013,Pesticides,2023-01-25,48,4980.8,239078.29,Pending
PO0502,V016,Seeds,2023-05-04,95,5595.56,531578.59,Pending
PO0503,V004,Equipment,2022-01-07,30,27452.42,823572.71,Delivered
PO0504,V008,Pesticides,2022-12-27,159,4520.63,718779.99,Partially Delivered
PO0505,V013,Pesticides,2022-11-02,179,3942.1,705635.18,Delivered
PO0506,V019,Equipment,2023-02-04,46,26269.42,1208393.27,Delivered
PO0507,V012,Fertilizers,2023-03-06,99,2716.3,268914.01,Pending
PO0508,V019,Equipment,2022-08-14,89,22304.59,1985108.43,Delivered
PO0509,V010,Packaging,2023-05-15,177,1420.62,251449.87,Partially Delivered
PO0510,V023,Pesticides,2022-08-13,188,4159.86,782054.35,Pending
PO0511,V010,Packaging,2022-10-07,179,1392.35,249231.25,Delivered
PO0512,V001,Seeds,2023-03-23,110,4603.28,506361.01,Pending
PO0513,V022,Fertilizers,2023-05-13,43,3228.38,138820.38,Delivered
PO0514,V013,Pesticides,2022-01-30,162,5112.95,828297.42,Delivered
PO0515,V009,Equipment,2023-02-03,191,23514.59,4491287.42,Pending
PO0516,V001,Seeds,2022-12-11,31,5334.32,165364.04,Delivered
PO0517,V019,Equipment,2023-02-19,89,21335.77,1898883.35,Delivered
PO0518,V022,Fertilizers,2022-06-19,153,3138.32,480162.2,Delivered
PO0519,V025,Packaging,2023-04-24,106,1586.75,168195.06,Delivered
PO0520,V024,Equipment,2022-05-11,174,21715.93,3778572.25,Delivered
PO0521,V002,Fertilizers,2022-01-28,94,2656.4,249701.82,Delivered
PO0522,V020,Packaging,2023-02-08,42,1413.06,59348.64,Delivered
PO0523,V024,Equipment,2022-01-28,181,24290.62,4396603.05,Delivered
PO0524,V016,Seeds,2022-03-27,189,5003.78,945714.55,Delivered
PO0525,V010,Packaging,2023-03-15,199,1677.8,333882.85,Delivered
PO0526,V025,Packaging,2022-05-19,185,1591.6,294446.12,Pending
PO0527,V008,Pesticides,2023-04-18,144,4244.82,611254.11,Delivered
PO0528,V020,Packaging,2022-07-06,33,1327.84,43818.62,Delivered
PO0529,V012,Fertilizers,2022-02-21,175,3374.52,590540.54,Cancelled
PO0530,V008,Pesticides,2022-09-24,181,4223.3,764417.44,Partially Delivered
PO0531,V021,Seeds,2023-01-24,118,5171.94,610288.7,Pending
PO0532,V007,Fertilizers,2022-12-02,140,2747.22,384610.2,Delivered
PO0533,V020,Packaging,2022-08-05,102,1335.11,136180.81,Partially Delivered
PO0534,V009,Equipment,2023-04-11,14,22398.89,313584.48,Pending
PO0535,V022,Fertilizers,2022-12-01,102,3222.96,328742.06,Cancelled
PO0536,V025,Packaging,2022-12-12,89,1547.58,137734.84,Partially Delivered
PO0537,V024,Equipment,2023-01-24,56,24368.84,1364655.16,Cancelled
PO0538,V025,Packaging,2022-10-12,64,1522.16,97417.95,Delivered
PO0539,V022,Fertilizers,2023-03-08,97,2973.75,288453.29,Cancelled
PO0540,V022,Fertilizers,2022-09-16,134,3033.77,406524.63,Delivered
PO0541,V005,Packaging,2022-03-25,59,1573.84,92856.71,Pending
PO0542,V021,Seeds,2023-04-27,67,4577.62,306700.37,Pending
PO0543,V004,Equipment,2022-01-20,45,23105.99,1039769.58,Pending
PO0544,V021,Seeds,2022-02-23,49,5382.11,263723.36,Pending
PO0545,V021,Seeds,2022-12-25,29,5559.7,161231.38,Delivered
PO0546,V002,Fertilizers,2022-08-18,85,2623.68,223013.08,Delivered
PO0547,V010,Packaging,2022-03-12,35,1476.04,51661.28,Delivered
PO0548,V015,Packaging,2022-02-11,139,1591.69,221245.57,Delivered
PO0549,V002,Fertilizers,2022-02-01,148,2620.29,387803.28,Delivered
PO0550,V019,Equipment,2022-09-11,199,25481.27,5070771.82,Delivered
PO0551,V012,Fertilizers,2022-07-24,144,2605.58,375203.84,Cancelled
PO0552,V024,Equipment,2022-01-21,19,25357.37,481790.02,Delivered
PO0553,V005,Packaging,2022-06-06,179,1502.47,268941.98,Delivered
PO0554,V003,Pesticides,2022-09-02,96,4598.15,441422.14,Delivered
PO0555,V010,Packaging,2022-05-10,168,1342.43,225528.84,Partially Delivered
PO0556,V011,Seeds,2023-04-30,43,4742.18,203913.59,Delivered
PO0557,V024,Equipment,2022-04-28,162,25152.56,4074714.97,Partially Delivered
PO0558,V014,Equipment,2022-08-12,106,22121.8,2344910.82,Delivered
PO0559,V006,Seeds,2023-04-22,49,4558.1,223347.01,Delivered
PO0560,V007,Fertilizers,2022-09-20,51,3074.83,156816.48,Pending
PO0561,V005,Packaging,2023-01-13,56,1315.92,73691.73,Pending
PO0562,V018,Pesticides,2022-06-21,187,4514.01,844119.26,Pending
PO0563,V012,Fertilizers,2022-04-28,169,3277.82,553952.07,Delivered
PO0564,V017,Fertilizers,2022-06-17,52,2958.09,153820.63,Pending
PO0565,V017,Fertilizers,2022-11-15,194,3011.92,584313.07,Delivered
PO0566,V009,Equipment,2022-04-21,122,24675.99,3010470.61,Delivered
PO0567,V006,Seeds,2022-01-27,21,4336.61,91068.71,Delivered
PO0568,V009,Equipment,2022-11-16,115,24717.84,2842551.29,Delivered
PO0569,V016,Seeds,2023-01-20,103,5460.37,562418.42,Delivered
PO0570,V010,Packaging,2023-02-11,183,1600.48,292887.11,Delivered
PO0571,V024,Equipment,2022-07-23,194,24219.62,4698605.37,Delivered
PO0572,V011,Seeds,2022-03-19,70,5474.68,383227.59,Pending
PO0573,V004,Equipment,2022-09-06,123,26843.53,3301754.64,Delivered
PO0574,V015,Packaging,2022-04-15,166,1535.24,254849.85,Delivered
PO0575,V003,Pesticides,2022-11-05,82,3886.14,318663.58,Delivered
PO0576,V005,Packaging,2022-05-04,124,1430.04,177324.71,Delivered
PO0577,V025,Packaging,2022-02-12,69,1303.69,89954.75,Delivered
PO0578,V008,Pesticides,2022-12-22,146,5167.07,754391.77,Pending
PO0579,V022,Fertilizers,2023-06-30,71,3391.12,240769.84,Delivered
PO0580,V024,Equipment,2023-03-15,89,21767.64,1937320.28,Delivered
PO0581,V022,Fertilizers,2023-01-15,130,3390.4,440751.74,Pending
PO0582,V013,Pesticides,2022-03-12,59,3867.84,228202.68,Delivered
PO0583,V018,Pesticides,2023-06-03,104,4376.97,455204.92,Delivered
PO0584,V012,Fertilizers,2022-12-16,183,3242.07,593299.7,Cancelled
PO0585,V003,Pesticides,2022-01-13,156,4858.87,757983.31,Delivered
PO0586,V013,Pesticides,2023-03-07,122,5145.75,627781.49,Delivered
PO0587,V001,Seeds,2023-05-17,128,5218.82,668009.12,Partially Delivered
PO0588,V009,Equipment,2022-04-19,82,24402.71,2001022.59,Delivered
PO0589,V018,Pesticides,2023-03-20,107,5165.36,552693.14,Pending
PO0590,V004,Equipment,2023-01-06,138,24118.6,3328366.41,Delivered
PO0591,V015,Packaging,2023-04-16,145,1666.33,241617.72,Delivered
PO0592,V012,Fertilizers,2022-06-06,117,3366.09,393832.6,Delivered
PO0593,V022,Fertilizers,2023-03-22,51,2888.08,147292.13,Partially Delivered
PO0594,V024,Equipment,2022-06-30,61,26370.48,1608599.14,Delivered
PO0595,V022,Fertilizers,2023-06-19,164,3145.61,515880.58,Pending
PO0596,V009,Equipment,2022-10-04,45,25294.75,1138263.84,Delivered
PO0597,V019,Equipment,2023-05-11,74,26151.51,1935211.42,Delivered
PO0598,V013,Pesticides,2023-04-22,23,4294.49,98773.25,Cancelled
PO0599,V021,Seeds,2023-03-23,174,4517.71,786081.62,Delivered
PO0600,V012,Fertilizers,2022-10-02,133,3033.53,403459.84,Delivered
