InspectionID,DeliveryID,VendorID,POID,InspectionDate,TotalUnitsInspected,UnitsRejected,RejectionRate,QualityScore,InspectionResult
QI0001,D0001,V011,PO0001,2022-05-08,33,3,0.1207,68.1,Fail
QI0002,D0002,V003,PO0003,2022-10-28,60,7,0.1329,54.2,Fail
QI0003,D0003,V009,PO0004,2022-09-29,127,10,0.0854,63.0,Fail
QI0004,D0004,V015,PO0005,2022-09-17,15,2,0.1404,54.3,Fail
QI0005,D0005,V008,PO0006,2022-06-14,160,3,0.0239,60.0,Pass
QI0006,D0006,V015,PO0008,2022-04-21,83,12,0.1477,64.2,Fail
QI0007,D0007,V019,PO0009,2023-04-06,150,4,0.0323,96.2,Pass
QI0008,D0008,V022,PO0011,2022-02-09,153,19,0.1242,74.1,Fail
QI0009,D0009,V013,PO0012,2022-05-09,24,2,0.1087,72.1,Fail
QI0010,D0010,V011,PO0013,2022-08-29,171,21,0.1238,77.5,Fail
QI0011,D0011,V001,PO0014,2022-09-07,125,13,0.1091,74.7,Fail
QI0012,D0012,V011,PO0016,2022-02-19,82,7,0.0874,89.3,Fail
QI0013,D0013,V016,PO0018,2023-03-27,108,5,0.0485,88.3,Pass
QI0014,D0014,V009,PO0021,2022-11-01,18,2,0.1441,73.3,Fail
QI0015,D0015,V011,PO0022,2022-01-22,17,1,0.1159,68.6,Fail
QI0016,D0016,V009,PO0023,2022-06-30,74,6,0.0845,62.3,Fail
QI0017,D0017,V020,PO0024,2023-03-19,131,13,0.0997,77.7,Fail
QI0018,D0018,V023,PO0025,2023-01-02,37,4,0.1312,80.1,Fail
QI0019,D0019,V018,PO0027,2022-07-03,59,5,0.0965,64.5,Fail
QI0020,D0020,V017,PO0029,2022-12-24,43,5,0.1348,53.1,Fail
QI0021,D0021,V007,PO0030,2022-04-26,103,14,0.1371,72.5,Fail
QI0022,D0022,V003,PO0031,2022-04-20,118,10,0.0875,73.6,Fail
QI0023,D0023,V024,PO0033,2022-04-30,154,17,0.1163,61.2,Fail
QI0024,D0024,V014,PO0034,2023-01-15,177,3,0.0216,65.3,Pass
QI0025,D0025,V016,PO0035,2023-01-13,182,9,0.0502,58.4,Pass
QI0026,D0026,V008,PO0038,2023-05-03,143,13,0.0945,63.0,Fail
QI0027,D0027,V023,PO0039,2022-06-07,199,22,0.1137,53.2,Fail
QI0028,D0028,V021,PO0041,2022-04-18,46,7,0.1544,56.1,Fail
QI0029,D0029,V023,PO0042,2022-11-14,105,12,0.1196,87.9,Fail
QI0030,D0030,V016,PO0043,2023-01-22,160,20,0.1294,79.4,Fail
QI0031,D0031,V001,PO0045,2022-04-02,121,12,0.1046,66.4,Fail
QI0032,D0032,V003,PO0046,2022-02-27,148,18,0.1277,66.1,Fail
QI0033,D0033,V010,PO0047,2022-08-30,104,11,0.1106,74.2,Fail
QI0034,D0034,V008,PO0048,2022-11-16,77,6,0.0856,73.8,Fail
QI0035,D0035,V008,PO0051,2022-05-04,101,9,0.0924,81.2,Fail
QI0036,D0036,V010,PO0052,2023-02-27,59,6,0.1131,55.6,Fail
QI0037,D0037,V022,PO0053,2022-11-15,106,14,0.1357,55.0,Fail
QI0038,D0038,V019,PO0054,2023-04-23,113,6,0.0553,67.4,Pass
QI0039,D0039,V012,PO0055,2023-01-18,66,4,0.0713,86.5,Pass
QI0040,D0040,V017,PO0058,2023-01-23,180,18,0.1019,86.8,Fail
QI0041,D0041,V012,PO0059,2022-08-16,94,6,0.0724,68.6,Pass
QI0042,D0042,V014,PO0060,2022-10-24,141,5,0.0409,94.5,Pass
QI0043,D0043,V024,PO0061,2022-03-27,164,18,0.1117,63.1,Fail
QI0044,D0044,V011,PO0063,2022-09-15,22,1,0.0653,78.8,Pass
QI0045,D0045,V023,PO0065,2023-05-01,69,4,0.0714,62.9,Pass
QI0046,D0046,V009,PO0069,2022-12-23,28,3,0.1168,85.8,Fail
QI0047,D0047,V008,PO0070,2022-03-21,178,6,0.0356,80.0,Pass
QI0048,D0048,V004,PO0071,2022-09-15,60,5,0.0901,64.1,Fail
QI0049,D0049,V024,PO0072,2022-03-04,170,13,0.0806,70.1,Fail
QI0050,D0050,V007,PO0073,2022-12-08,153,9,0.0597,60.4,Pass
QI0051,D0051,V011,PO0074,2023-03-04,154,16,0.1052,56.3,Fail
QI0052,D0052,V004,PO0075,2022-10-25,14,0,0.0386,69.0,Pass
QI0053,D0053,V025,PO0078,2022-11-28,64,2,0.0384,94.1,Pass
QI0054,D0054,V006,PO0080,2023-06-02,134,11,0.0887,83.9,Fail
QI0055,D0055,V007,PO0081,2023-02-25,59,1,0.0261,95.7,Pass
QI0056,D0056,V024,PO0083,2022-06-16,148,23,0.1619,79.7,Fail
QI0057,D0057,V009,PO0085,2022-06-11,155,19,0.1239,81.1,Fail
QI0058,D0058,V025,PO0088,2023-04-02,91,9,0.0994,74.7,Fail
QI0059,D0059,V017,PO0089,2023-03-02,44,3,0.0789,80.8,Pass
QI0060,D0060,V010,PO0091,2022-08-30,9,0,0.0887,89.9,Fail
QI0061,D0061,V004,PO0092,2022-06-06,76,4,0.063,77.3,Pass
QI0062,D0062,V007,PO0093,2023-06-17,45,5,0.1141,80.4,Fail
QI0063,D0063,V010,PO0094,2023-06-20,40,2,0.0581,85.1,Pass
QI0064,D0064,V008,PO0095,2022-04-13,147,6,0.0464,93.9,Pass
QI0065,D0065,V012,PO0096,2022-03-10,65,4,0.0721,72.7,Pass
QI0066,D0066,V006,PO0097,2022-05-22,49,2,0.0582,73.9,Pass
QI0067,D0067,V010,PO0098,2022-06-25,34,2,0.0806,76.7,Fail
QI0068,D0068,V001,PO0099,2022-07-17,153,10,0.0699,56.8,Pass
QI0069,D0069,V023,PO0100,2023-03-20,15,1,0.0844,59.2,Fail
QI0070,D0070,V018,PO0101,2022-04-02,40,2,0.061,58.9,Pass
QI0071,D0071,V009,PO0103,2023-02-23,88,6,0.0765,78.8,Pass
QI0072,D0072,V002,PO0105,2023-07-13,153,6,0.0456,95.2,Pass
QI0073,D0073,V018,PO0106,2022-10-14,81,7,0.0898,79.3,Fail
QI0074,D0074,V010,PO0107,2022-01-26,13,0,0.0633,64.8,Pass
QI0075,D0075,V023,PO0108,2022-05-09,52,2,0.0462,69.3,Pass
QI0076,D0076,V005,PO0109,2022-10-28,75,8,0.1103,87.4,Fail
QI0077,D0077,V021,PO0110,2022-12-29,21,2,0.1137,71.5,Fail
QI0078,D0078,V025,PO0111,2022-05-16,38,5,0.1396,52.0,Fail
QI0079,D0079,V016,PO0112,2022-11-18,194,23,0.1188,82.2,Fail
QI0080,D0080,V004,PO0113,2023-03-29,114,15,0.1377,60.3,Fail
QI0081,D0081,V010,PO0116,2022-01-25,196,4,0.0211,62.4,Pass
QI0082,D0082,V016,PO0117,2022-10-22,22,2,0.1003,78.2,Fail
QI0083,D0083,V016,PO0118,2023-06-23,113,8,0.0735,86.0,Pass
QI0084,D0084,V015,PO0119,2022-07-25,107,16,0.1585,53.0,Fail
QI0085,D0085,V011,PO0120,2023-07-02,90,8,0.0936,88.2,Fail
QI0086,D0086,V006,PO0121,2022-05-14,136,16,0.1245,69.2,Fail
QI0087,D0087,V002,PO0122,2022-11-20,155,20,0.1351,64.1,Fail
QI0088,D0088,V009,PO0123,2023-06-13,32,4,0.1319,83.1,Fail
QI0089,D0089,V016,PO0124,2022-08-08,118,6,0.0585,66.6,Pass
QI0090,D0090,V004,PO0125,2022-06-27,124,16,0.1299,85.2,Fail
QI0091,D0091,V003,PO0126,2023-02-06,56,9,0.1634,73.1,Fail
QI0092,D0092,V013,PO0127,2022-07-04,150,9,0.0663,90.0,Pass
QI0093,D0093,V003,PO0129,2022-01-15,188,21,0.1148,70.8,Fail
QI0094,D0094,V022,PO0132,2022-02-18,77,4,0.0539,64.3,Pass
QI0095,D0095,V005,PO0134,2023-01-28,168,21,0.1294,77.8,Fail
QI0096,D0096,V005,PO0135,2022-12-12,15,1,0.1187,83.6,Fail
QI0097,D0097,V019,PO0136,2022-09-19,22,1,0.065,63.8,Pass
QI0098,D0098,V010,PO0137,2022-03-27,118,13,0.1163,60.2,Fail
QI0099,D0099,V008,PO0139,2022-04-11,116,8,0.0735,64.8,Pass
QI0100,D0100,V018,PO0141,2023-06-14,34,1,0.0553,80.1,Pass
QI0101,D0101,V014,PO0143,2023-08-02,188,24,0.1278,57.8,Fail
QI0102,D0102,V020,PO0144,2022-05-29,115,4,0.0431,61.5,Pass
QI0103,D0103,V020,PO0145,2022-06-10,27,2,0.0817,88.9,Fail
QI0104,D0104,V020,PO0146,2023-06-05,25,3,0.1338,75.4,Fail
QI0105,D0105,V025,PO0148,2022-10-24,162,6,0.0401,83.1,Pass
QI0106,D0106,V015,PO0151,2022-09-05,38,6,0.1648,70.6,Fail
QI0107,D0107,V010,PO0153,2022-12-03,165,13,0.0846,82.9,Fail
QI0108,D0108,V014,PO0155,2023-01-31,144,3,0.0209,80.0,Pass
QI0109,D0109,V010,PO0156,2023-04-07,134,3,0.0279,60.0,Pass
QI0110,D0110,V019,PO0157,2023-07-08,164,16,0.1004,71.3,Fail
QI0111,D0111,V020,PO0158,2023-04-28,90,10,0.1128,75.3,Fail
QI0112,D0112,V020,PO0160,2022-09-19,141,17,0.1238,69.8,Fail
QI0113,D0113,V024,PO0161,2022-09-12,127,12,0.1009,89.4,Fail
QI0114,D0114,V004,PO0162,2022-03-19,77,2,0.0325,92.8,Pass
QI0115,D0115,V025,PO0163,2023-01-06,117,9,0.0845,86.7,Fail
QI0116,D0116,V007,PO0164,2022-02-22,137,14,0.1043,71.3,Fail
QI0117,D0117,V021,PO0165,2022-09-09,150,25,0.1671,82.8,Fail
QI0118,D0118,V007,PO0166,2022-09-07,107,12,0.113,85.7,Fail
QI0119,D0119,V009,PO0167,2022-02-01,33,4,0.1276,62.1,Fail
QI0120,D0120,V022,PO0168,2022-04-03,182,24,0.1328,59.7,Fail
QI0121,D0121,V003,PO0169,2022-03-17,36,5,0.1396,71.5,Fail
QI0122,D0122,V003,PO0174,2022-04-02,61,4,0.0685,57.9,Pass
QI0123,D0123,V006,PO0175,2023-06-30,105,11,0.1051,82.3,Fail
QI0124,D0124,V001,PO0176,2022-09-24,118,7,0.0598,74.4,Pass
QI0125,D0125,V014,PO0177,2022-10-22,57,1,0.0305,79.1,Pass
QI0126,D0126,V015,PO0178,2023-06-01,102,5,0.0565,75.6,Pass
QI0127,D0127,V020,PO0180,2022-06-12,121,13,0.1153,67.0,Fail
QI0128,D0128,V016,PO0181,2023-05-25,98,8,0.087,79.8,Fail
QI0129,D0129,V010,PO0182,2022-09-17,111,9,0.089,61.0,Fail
QI0130,D0130,V002,PO0183,2023-05-18,180,8,0.0473,94.4,Pass
QI0131,D0131,V008,PO0184,2023-03-19,32,1,0.051,83.4,Pass
QI0132,D0132,V010,PO0185,2022-07-29,77,5,0.0666,73.2,Pass
QI0133,D0133,V023,PO0186,2022-04-28,112,10,0.0956,79.2,Fail
QI0134,D0134,V008,PO0192,2023-05-13,174,12,0.072,56.1,Pass
QI0135,D0135,V009,PO0193,2022-03-18,119,6,0.052,64.9,Pass
QI0136,D0136,V021,PO0194,2022-04-22,26,3,0.1308,72.4,Fail
QI0137,D0137,V019,PO0195,2022-03-21,29,2,0.0842,66.9,Fail
QI0138,D0138,V022,PO0196,2023-03-22,26,2,0.097,76.3,Fail
QI0139,D0139,V007,PO0197,2023-01-18,29,2,0.0942,63.8,Fail
QI0140,D0140,V014,PO0198,2022-05-15,108,11,0.1107,72.9,Fail
QI0141,D0141,V004,PO0199,2022-09-28,28,2,0.0903,63.2,Fail
QI0142,D0142,V008,PO0201,2022-08-08,178,18,0.1041,70.6,Fail
QI0143,D0143,V005,PO0203,2022-06-07,41,1,0.0287,82.1,Pass
QI0144,D0144,V009,PO0204,2023-03-26,133,21,0.1614,62.6,Fail
QI0145,D0145,V005,PO0205,2022-07-15,23,0,0.0327,77.3,Pass
QI0146,D0146,V003,PO0206,2022-11-06,151,21,0.1444,58.5,Fail
QI0147,D0147,V010,PO0209,2022-04-07,83,4,0.0562,83.1,Pass
QI0148,D0148,V020,PO0210,2023-04-16,172,5,0.0304,72.6,Pass
QI0149,D0149,V024,PO0211,2022-05-03,36,5,0.1418,80.8,Fail
QI0150,D0150,V015,PO0214,2022-04-26,156,15,0.1025,63.9,Fail
QI0151,D0151,V004,PO0215,2022-09-14,107,7,0.0674,62.7,Pass
QI0152,D0152,V023,PO0217,2023-03-09,21,2,0.0993,58.8,Fail
QI0153,D0153,V010,PO0218,2023-05-24,72,5,0.0769,76.7,Pass
QI0154,D0154,V023,PO0219,2023-05-21,158,13,0.084,63.3,Fail
QI0155,D0155,V017,PO0222,2022-03-20,32,1,0.0364,61.7,Pass
QI0156,D0156,V018,PO0223,2022-06-28,140,13,0.0969,63.9,Fail
QI0157,D0157,V016,PO0224,2023-02-22,133,15,0.1157,61.4,Fail
QI0158,D0158,V015,PO0225,2022-01-09,60,6,0.1155,68.4,Fail
QI0159,D0159,V020,PO0227,2022-10-16,160,21,0.1352,65.1,Fail
QI0160,D0160,V014,PO0229,2022-11-04,65,2,0.0373,63.4,Pass
QI0161,D0161,V011,PO0231,2023-05-31,98,9,0.1013,88.4,Fail
QI0162,D0162,V020,PO0232,2022-06-20,137,17,0.1297,57.4,Fail
QI0163,D0163,V001,PO0234,2022-12-01,38,4,0.1154,81.6,Fail
QI0164,D0164,V003,PO0235,2022-09-07,73,10,0.1375,57.8,Fail
QI0165,D0165,V008,PO0236,2022-03-16,137,8,0.0648,74.8,Pass
QI0166,D0166,V022,PO0237,2022-04-01,66,8,0.1339,86.5,Fail
QI0167,D0167,V019,PO0239,2022-03-23,151,13,0.0864,85.9,Fail
QI0168,D0168,V025,PO0241,2023-05-18,152,13,0.0866,73.7,Fail
QI0169,D0169,V022,PO0242,2023-06-25,160,5,0.0348,85.7,Pass
QI0170,D0170,V019,PO0244,2022-07-01,145,2,0.0206,89.5,Pass
QI0171,D0171,V002,PO0245,2022-03-16,13,1,0.0916,65.4,Fail
QI0172,D0172,V025,PO0246,2023-06-24,158,13,0.0845,75.5,Fail
QI0173,D0173,V025,PO0247,2022-04-11,167,22,0.1336,71.7,Fail
QI0174,D0174,V006,PO0248,2022-08-05,163,14,0.0866,69.4,Fail
QI0175,D0175,V016,PO0249,2022-04-10,70,7,0.1098,78.0,Fail
QI0176,D0176,V017,PO0250,2022-03-28,16,2,0.1284,54.4,Fail
QI0177,D0177,V009,PO0253,2022-05-17,161,14,0.0913,84.1,Fail
QI0178,D0178,V006,PO0254,2022-10-03,87,8,0.0995,71.2,Fail
QI0179,D0179,V021,PO0257,2023-03-26,9,1,0.1275,74.3,Fail
QI0180,D0180,V016,PO0258,2023-07-03,52,4,0.0815,71.6,Fail
QI0181,D0181,V016,PO0260,2022-10-13,132,5,0.0393,70.5,Pass
QI0182,D0182,V014,PO0262,2022-12-19,111,5,0.0465,71.0,Pass
QI0183,D0183,V011,PO0263,2022-09-19,25,3,0.1202,72.5,Fail
QI0184,D0184,V011,PO0264,2022-10-25,43,1,0.0433,93.1,Pass
QI0185,D0185,V022,PO0265,2023-02-21,169,7,0.0418,67.4,Pass
QI0186,D0186,V004,PO0266,2022-06-02,163,18,0.116,53.7,Fail
QI0187,D0187,V006,PO0267,2022-11-14,15,2,0.1523,55.0,Fail
QI0188,D0188,V011,PO0268,2023-05-07,29,3,0.1222,83.1,Fail
QI0189,D0189,V014,PO0269,2022-12-05,135,17,0.1319,85.5,Fail
QI0190,D0190,V023,PO0270,2022-04-05,59,8,0.1393,58.5,Fail
QI0191,D0191,V016,PO0271,2022-02-06,92,6,0.0754,76.8,Pass
QI0192,D0192,V010,PO0272,2023-05-10,111,9,0.086,78.6,Fail
QI0193,D0193,V022,PO0273,2022-05-01,119,6,0.0549,63.3,Pass
QI0194,D0194,V013,PO0274,2022-04-16,86,2,0.0281,88.6,Pass
QI0195,D0195,V025,PO0275,2022-08-26,47,1,0.0318,71.8,Pass
QI0196,D0196,V018,PO0276,2023-06-19,98,13,0.1371,75.0,Fail
QI0197,D0197,V002,PO0277,2022-10-10,79,6,0.0785,73.3,Pass
QI0198,D0198,V015,PO0278,2022-06-08,182,16,0.0897,81.4,Fail
QI0199,D0199,V003,PO0279,2023-01-15,80,5,0.0654,89.3,Pass
QI0200,D0200,V011,PO0280,2022-04-07,151,14,0.0987,67.8,Fail
QI0201,D0201,V009,PO0281,2022-10-01,140,8,0.062,67.0,Pass
QI0202,D0202,V025,PO0284,2022-06-21,46,4,0.0943,77.2,Fail
QI0203,D0203,V013,PO0285,2023-04-09,43,5,0.128,57.4,Fail
QI0204,D0204,V017,PO0286,2022-11-28,145,8,0.0581,62.8,Pass
QI0205,D0205,V001,PO0287,2023-07-02,19,1,0.0741,85.5,Pass
QI0206,D0206,V022,PO0288,2022-02-05,160,15,0.094,66.6,Fail
QI0207,D0207,V018,PO0289,2022-11-20,26,2,0.0867,77.9,Fail
QI0208,D0208,V015,PO0290,2022-04-30,70,8,0.1201,72.9,Fail
QI0209,D0209,V014,PO0291,2022-06-01,114,10,0.0879,85.7,Fail
QI0210,D0210,V002,PO0292,2022-10-23,157,10,0.0637,58.8,Pass
QI0211,D0211,V007,PO0293,2022-05-21,112,6,0.058,62.6,Pass
QI0212,D0212,V017,PO0294,2022-04-28,119,8,0.0714,64.2,Pass
QI0213,D0213,V012,PO0295,2022-06-18,141,7,0.0506,69.0,Pass
QI0214,D0214,V020,PO0296,2022-10-22,113,5,0.0495,68.1,Pass
QI0215,D0215,V025,PO0297,2022-11-13,102,4,0.0466,67.4,Pass
QI0216,D0216,V016,PO0298,2022-09-02,78,8,0.1088,76.5,Fail
QI0217,D0217,V021,PO0299,2023-01-16,58,5,0.1023,63.6,Fail
QI0218,D0218,V015,PO0300,2022-08-09,119,17,0.1508,66.1,Fail
QI0219,D0219,V025,PO0301,2022-10-17,37,1,0.0361,91.1,Pass
QI0220,D0220,V002,PO0302,2023-06-22,96,10,0.108,66.5,Fail
QI0221,D0221,V007,PO0303,2023-06-13,117,14,0.1253,73.0,Fail
QI0222,D0222,V009,PO0304,2022-10-03,36,3,0.1055,88.2,Fail
QI0223,D0223,V018,PO0305,2022-03-27,71,6,0.093,69.4,Fail
QI0224,D0224,V010,PO0307,2023-03-27,158,8,0.0567,63.5,Pass
QI0225,D0225,V015,PO0308,2022-10-21,149,17,0.1162,53.8,Fail
QI0226,D0226,V004,PO0311,2023-01-04,172,7,0.0411,85.4,Pass
QI0227,D0227,V001,PO0312,2022-05-31,76,7,0.0928,78.5,Fail
QI0228,D0228,V021,PO0313,2022-10-14,18,2,0.151,82.9,Fail
QI0229,D0229,V020,PO0314,2022-07-12,58,7,0.123,77.2,Fail
QI0230,D0230,V008,PO0315,2023-04-17,110,4,0.0368,60.9,Pass
QI0231,D0231,V023,PO0316,2023-04-02,145,12,0.0846,61.0,Fail
QI0232,D0232,V006,PO0317,2022-02-04,22,1,0.0816,58.9,Fail
QI0233,D0233,V010,PO0318,2022-05-04,9,1,0.1264,54.6,Fail
QI0234,D0234,V018,PO0319,2022-04-05,54,3,0.0592,89.5,Pass
QI0235,D0235,V018,PO0321,2022-02-24,54,3,0.059,77.1,Pass
QI0236,D0236,V014,PO0322,2023-01-24,40,0,0.0222,59.7,Pass
QI0237,D0237,V003,PO0323,2022-06-19,72,7,0.1109,67.5,Fail
QI0238,D0238,V008,PO0324,2023-04-13,75,1,0.0237,88.5,Pass
QI0239,D0239,V015,PO0326,2022-03-07,38,4,0.1198,55.7,Fail
QI0240,D0240,V004,PO0327,2022-12-03,9,0,0.0686,65.7,Pass
QI0241,D0241,V021,PO0328,2023-01-30,132,15,0.1208,58.2,Fail
QI0242,D0242,V005,PO0329,2022-03-03,102,13,0.1288,75.1,Fail
QI0243,D0243,V016,PO0330,2023-01-25,52,4,0.0862,87.2,Fail
QI0244,D0244,V010,PO0332,2022-10-02,101,8,0.0852,66.2,Fail
QI0245,D0245,V017,PO0333,2022-05-15,127,17,0.1398,60.1,Fail
QI0246,D0246,V023,PO0334,2023-01-18,171,13,0.0767,65.9,Pass
QI0247,D0247,V014,PO0336,2022-06-18,126,14,0.113,75.4,Fail
QI0248,D0248,V016,PO0337,2022-09-30,144,9,0.0639,61.1,Pass
QI0249,D0249,V018,PO0341,2022-02-11,108,8,0.0768,86.4,Pass
QI0250,D0250,V005,PO0342,2022-07-25,171,19,0.1127,54.3,Fail
QI0251,D0251,V013,PO0343,2022-12-25,19,2,0.108,77.2,Fail
QI0252,D0252,V007,PO0344,2023-03-05,106,5,0.0549,89.2,Pass
QI0253,D0253,V005,PO0348,2022-05-03,81,6,0.0758,67.5,Pass
QI0254,D0254,V003,PO0349,2023-02-22,156,17,0.1112,70.3,Fail
QI0255,D0255,V009,PO0350,2022-03-01,106,10,0.0976,89.3,Fail
QI0256,D0256,V025,PO0351,2023-05-18,141,11,0.0803,75.1,Fail
QI0257,D0257,V014,PO0352,2022-09-04,110,10,0.0995,63.8,Fail
QI0258,D0258,V009,PO0355,2023-01-23,112,17,0.1518,66.0,Fail
QI0259,D0259,V010,PO0357,2022-09-20,36,4,0.1168,87.2,Fail
QI0260,D0260,V010,PO0359,2022-02-15,14,1,0.0937,79.7,Fail
QI0261,D0261,V019,PO0360,2022-08-05,80,3,0.0399,64.4,Pass
QI0262,D0262,V019,PO0361,2023-02-27,50,4,0.0817,77.0,Fail
QI0263,D0263,V005,PO0364,2022-04-01,159,11,0.0735,79.0,Pass
QI0264,D0264,V015,PO0365,2022-11-03,101,7,0.0715,79.3,Pass
QI0265,D0265,V018,PO0366,2023-01-10,27,4,0.1638,69.0,Fail
QI0266,D0266,V016,PO0367,2023-06-25,110,10,0.0991,72.9,Fail
QI0267,D0267,V011,PO0369,2023-01-02,67,9,0.1361,73.9,Fail
QI0268,D0268,V025,PO0371,2022-05-21,155,16,0.1083,64.5,Fail
QI0269,D0269,V018,PO0372,2022-10-08,106,11,0.108,65.9,Fail
QI0270,D0270,V013,PO0373,2022-07-20,126,7,0.0631,76.4,Pass
QI0271,D0271,V015,PO0374,2022-10-16,27,2,0.0763,85.2,Pass
QI0272,D0272,V011,PO0375,2022-02-28,100,7,0.0785,71.6,Pass
QI0273,D0273,V007,PO0376,2022-05-19,76,2,0.0275,72.6,Pass
QI0274,D0274,V023,PO0377,2023-04-07,190,12,0.0643,65.9,Pass
QI0275,D0275,V008,PO0378,2023-01-14,93,2,0.0251,70.3,Pass
QI0276,D0276,V019,PO0379,2022-12-09,65,2,0.0448,57.3,Pass
QI0277,D0277,V013,PO0380,2023-04-06,82,10,0.1289,80.7,Fail
QI0278,D0278,V025,PO0382,2022-05-18,28,1,0.0634,88.0,Pass
QI0279,D0279,V014,PO0383,2023-02-12,121,9,0.0764,68.1,Pass
QI0280,D0280,V002,PO0384,2022-07-25,156,11,0.0746,72.9,Pass
QI0281,D0281,V011,PO0385,2022-09-28,33,0,0.0256,58.8,Pass
QI0282,D0282,V024,PO0386,2022-03-14,128,21,0.1677,80.6,Fail
QI0283,D0283,V016,PO0387,2023-04-12,125,7,0.0589,92.1,Pass
QI0284,D0284,V023,PO0388,2022-01-22,56,5,0.1044,70.8,Fail
QI0285,D0285,V013,PO0389,2023-06-28,94,7,0.0826,55.4,Fail
QI0286,D0286,V013,PO0390,2022-08-04,95,11,0.1196,68.0,Fail
QI0287,D0287,V022,PO0391,2023-02-01,183,21,0.1202,63.1,Fail
QI0288,D0288,V021,PO0392,2023-04-12,163,13,0.0816,63.6,Fail
QI0289,D0289,V005,PO0393,2022-04-08,46,3,0.0853,55.1,Fail
QI0290,D0290,V016,PO0394,2023-01-01,66,2,0.0409,71.9,Pass
QI0291,D0291,V002,PO0395,2022-11-27,32,3,0.0984,68.9,Fail
QI0292,D0292,V005,PO0396,2022-06-01,43,2,0.0638,77.2,Pass
QI0293,D0293,V017,PO0397,2022-12-05,71,6,0.0984,68.3,Fail
QI0294,D0294,V011,PO0399,2022-12-06,46,5,0.1203,58.5,Fail
QI0295,D0295,V004,PO0400,2023-03-11,155,12,0.082,82.1,Fail
QI0296,D0296,V004,PO0402,2023-03-14,157,10,0.0652,70.7,Pass
QI0297,D0297,V015,PO0404,2022-06-08,49,7,0.1589,63.2,Fail
QI0298,D0298,V024,PO0406,2023-03-31,129,14,0.112,62.6,Fail
QI0299,D0299,V005,PO0407,2023-02-23,116,7,0.0623,72.1,Pass
QI0300,D0300,V014,PO0408,2022-07-15,150,18,0.1241,60.9,Fail
QI0301,D0301,V021,PO0409,2022-11-28,147,15,0.1084,80.8,Fail
QI0302,D0302,V005,PO0410,2023-03-17,123,9,0.0779,88.9,Pass
QI0303,D0303,V003,PO0411,2022-01-23,157,19,0.1225,81.0,Fail
QI0304,D0304,V016,PO0412,2022-11-26,145,11,0.0802,80.4,Fail
QI0305,D0305,V009,PO0413,2022-11-05,151,10,0.0667,66.6,Pass
QI0306,D0306,V011,PO0414,2022-08-23,168,6,0.0399,86.1,Pass
QI0307,D0307,V020,PO0415,2023-04-06,165,4,0.0293,89.6,Pass
QI0308,D0308,V023,PO0416,2022-12-16,90,8,0.0972,69.1,Fail
QI0309,D0309,V013,PO0417,2023-05-05,146,6,0.0454,89.9,Pass
QI0310,D0310,V021,PO0418,2023-04-09,83,6,0.0724,62.4,Pass
QI0311,D0311,V003,PO0419,2023-04-27,42,3,0.0935,64.9,Fail
QI0312,D0312,V011,PO0420,2022-08-30,121,12,0.1061,76.4,Fail
QI0313,D0313,V022,PO0421,2023-07-05,23,0,0.0342,81.8,Pass
QI0314,D0314,V018,PO0422,2023-05-17,114,8,0.0776,65.4,Pass
QI0315,D0315,V011,PO0424,2022-04-20,161,18,0.1173,75.0,Fail
QI0316,D0316,V025,PO0427,2022-12-24,146,15,0.1064,60.3,Fail
QI0317,D0317,V016,PO0428,2022-05-03,21,1,0.0778,56.0,Pass
QI0318,D0318,V002,PO0430,2022-12-19,127,9,0.0775,57.2,Pass
QI0319,D0319,V020,PO0431,2022-09-06,27,1,0.0453,77.7,Pass
QI0320,D0320,V003,PO0432,2022-08-16,81,5,0.0693,62.8,Pass
QI0321,D0321,V008,PO0433,2022-06-23,125,15,0.12,56.4,Fail
QI0322,D0322,V022,PO0435,2022-03-13,17,0,0.0227,69.2,Pass
QI0323,D0323,V010,PO0436,2022-10-06,20,0,0.0252,86.4,Pass
QI0324,D0324,V008,PO0437,2023-05-16,96,8,0.0888,81.2,Fail
QI0325,D0325,V024,PO0438,2022-03-29,78,5,0.0693,64.5,Pass
QI0326,D0326,V003,PO0439,2023-04-30,25,3,0.1255,57.7,Fail
QI0327,D0327,V014,PO0440,2023-03-21,159,3,0.0247,77.8,Pass
QI0328,D0328,V025,PO0442,2023-02-26,155,13,0.0887,67.1,Fail
QI0329,D0329,V004,PO0445,2022-10-11,91,2,0.0267,70.5,Pass
QI0330,D0330,V015,PO0446,2022-06-14,110,8,0.081,84.5,Fail
QI0331,D0331,V006,PO0447,2022-01-26,148,10,0.0716,92.8,Pass
QI0332,D0332,V023,PO0448,2022-05-22,142,19,0.135,67.9,Fail
QI0333,D0333,V010,PO0449,2023-03-26,178,16,0.0919,83.2,Fail
QI0334,D0334,V001,PO0450,2022-08-28,18,1,0.0876,66.8,Fail
QI0335,D0335,V002,PO0451,2022-07-12,110,2,0.0222,91.7,Pass
QI0336,D0336,V002,PO0453,2023-05-10,167,17,0.1063,87.6,Fail
QI0337,D0337,V010,PO0454,2022-03-09,57,5,0.0994,56.1,Fail
QI0338,D0338,V012,PO0455,2022-09-19,83,6,0.084,83.4,Fail
QI0339,D0339,V012,PO0456,2022-05-28,140,8,0.0603,59.1,Pass
QI0340,D0340,V014,PO0457,2023-04-23,115,8,0.0739,73.0,Pass
QI0341,D0341,V005,PO0458,2022-06-08,126,17,0.1391,58.3,Fail
QI0342,D0342,V017,PO0460,2023-07-18,23,2,0.1241,82.0,Fail
QI0343,D0343,V014,PO0461,2022-12-12,117,4,0.0405,88.9,Pass
QI0344,D0344,V019,PO0462,2023-04-16,33,3,0.1196,82.0,Fail
QI0345,D0345,V022,PO0463,2023-06-27,92,8,0.0921,58.9,Fail
QI0346,D0346,V006,PO0464,2023-03-29,183,26,0.1454,77.5,Fail
QI0347,D0347,V006,PO0465,2023-04-12,26,3,0.1485,59.6,Fail
QI0348,D0348,V006,PO0466,2022-07-06,133,9,0.0718,84.3,Pass
QI0349,D0349,V003,PO0467,2023-05-29,154,19,0.1292,67.7,Fail
QI0350,D0350,V020,PO0468,2023-05-02,48,2,0.0517,84.9,Pass
QI0351,D0351,V013,PO0469,2022-10-22,19,2,0.1069,54.8,Fail
QI0352,D0352,V020,PO0470,2022-10-08,72,4,0.0611,73.6,Pass
QI0353,D0353,V008,PO0472,2023-07-13,109,8,0.0744,84.1,Pass
QI0354,D0354,V016,PO0473,2023-06-05,113,10,0.0909,73.5,Fail
QI0355,D0355,V019,PO0474,2022-10-02,137,6,0.0476,94.6,Pass
QI0356,D0356,V008,PO0476,2023-04-15,142,9,0.0663,73.7,Pass
QI0357,D0357,V021,PO0478,2022-11-18,90,5,0.063,81.8,Pass
QI0358,D0358,V009,PO0479,2022-09-28,91,6,0.0743,67.1,Pass
QI0359,D0359,V015,PO0480,2022-10-26,78,11,0.1532,61.8,Fail
QI0360,D0360,V022,PO0482,2022-12-15,109,8,0.0805,78.3,Fail
QI0361,D0361,V001,PO0483,2022-04-04,83,5,0.0704,57.3,Pass
QI0362,D0362,V015,PO0484,2022-05-31,172,11,0.0679,90.9,Pass
QI0363,D0363,V010,PO0485,2022-06-26,143,4,0.0316,78.3,Pass
QI0364,D0364,V022,PO0486,2022-09-08,22,1,0.0771,64.7,Pass
QI0365,D0365,V003,PO0489,2022-08-16,86,10,0.1238,75.0,Fail
QI0366,D0366,V015,PO0490,2022-03-24,23,1,0.0547,64.2,Pass
QI0367,D0367,V012,PO0491,2023-03-31,90,12,0.1441,81.7,Fail
QI0368,D0368,V021,PO0494,2023-05-14,175,19,0.1104,84.1,Fail
QI0369,D0369,V023,PO0496,2022-04-02,71,2,0.0341,66.4,Pass
QI0370,D0370,V015,PO0498,2023-04-02,177,19,0.1079,57.6,Fail
QI0371,D0371,V010,PO0499,2023-03-03,176,6,0.0356,82.3,Pass
QI0372,D0372,V007,PO0500,2022-02-24,160,14,0.0924,66.2,Fail
QI0373,D0373,V004,PO0503,2022-01-27,28,3,0.1193,58.7,Fail
QI0374,D0374,V008,PO0504,2023-01-07,153,19,0.1276,62.0,Fail
QI0375,D0375,V013,PO0505,2022-11-12,164,18,0.113,57.5,Fail
QI0376,D0376,V019,PO0506,2023-03-01,43,4,0.0979,82.6,Fail
QI0377,D0377,V019,PO0508,2022-09-10,88,7,0.0826,55.4,Fail
QI0378,D0378,V010,PO0509,2023-05-30,154,9,0.0644,57.7,Pass
QI0379,D0379,V010,PO0511,2022-11-06,165,4,0.0252,89.0,Pass
QI0380,D0380,V022,PO0513,2023-05-30,39,3,0.0836,72.4,Fail
QI0381,D0381,V013,PO0514,2022-02-27,138,6,0.0475,79.9,Pass
QI0382,D0382,V001,PO0516,2022-12-30,30,3,0.1163,66.2,Fail
QI0383,D0383,V019,PO0517,2023-03-04,86,9,0.1147,56.3,Fail
QI0384,D0384,V022,PO0518,2022-06-28,141,9,0.0657,62.0,Pass
QI0385,D0385,V025,PO0519,2023-05-22,98,8,0.0907,57.9,Fail
QI0386,D0386,V024,PO0520,2022-05-27,171,23,0.139,73.0,Fail
QI0387,D0387,V002,PO0521,2022-02-19,82,9,0.1114,86.4,Fail
QI0388,D0388,V020,PO0522,2023-02-20,39,4,0.1036,89.5,Fail
QI0389,D0389,V024,PO0523,2022-02-12,173,10,0.0617,79.8,Pass
QI0390,D0390,V016,PO0524,2022-04-12,164,5,0.0361,60.1,Pass
QI0391,D0391,V010,PO0525,2023-04-09,180,13,0.0773,79.2,Pass
QI0392,D0392,V008,PO0527,2023-05-05,135,6,0.0479,83.8,Pass
QI0393,D0393,V020,PO0528,2022-07-27,32,3,0.1231,80.4,Fail
QI0394,D0394,V008,PO0530,2022-10-02,167,9,0.054,61.5,Pass
QI0395,D0395,V007,PO0532,2022-12-28,127,15,0.1252,60.6,Fail
QI0396,D0396,V020,PO0533,2022-08-17,101,6,0.069,92.4,Pass
QI0397,D0397,V025,PO0536,2023-01-09,87,3,0.0427,87.6,Pass
QI0398,D0398,V025,PO0538,2022-11-13,61,6,0.1051,80.8,Fail
QI0399,D0399,V022,PO0540,2022-10-09,119,13,0.1147,81.6,Fail
QI0400,D0400,V021,PO0545,2023-01-13,28,3,0.1194,68.3,Fail
QI0401,D0401,V002,PO0546,2022-09-16,84,2,0.0341,65.4,Pass
QI0402,D0402,V010,PO0547,2022-04-02,32,0,0.0209,85.7,Pass
QI0403,D0403,V015,PO0548,2022-02-27,120,15,0.1285,64.8,Fail
QI0404,D0404,V002,PO0549,2022-02-27,134,13,0.1025,58.7,Fail
QI0405,D0405,V019,PO0550,2022-10-03,190,11,0.0579,90.4,Pass
QI0406,D0406,V024,PO0552,2022-02-09,18,1,0.0935,72.0,Fail
QI0407,D0407,V005,PO0553,2022-07-05,160,6,0.0386,74.5,Pass
QI0408,D0408,V003,PO0554,2022-09-24,91,11,0.1282,62.6,Fail
QI0409,D0409,V010,PO0555,2022-06-03,164,8,0.0504,83.5,Pass
QI0410,D0410,V011,PO0556,2023-05-08,41,5,0.1226,59.3,Fail
QI0411,D0411,V024,PO0557,2022-05-29,160,16,0.1008,60.7,Fail
QI0412,D0412,V014,PO0558,2022-09-04,100,6,0.0639,69.2,Pass
QI0413,D0413,V006,PO0559,2023-05-05,43,3,0.0831,81.9,Fail
QI0414,D0414,V012,PO0563,2022-05-13,159,20,0.1317,61.7,Fail
QI0415,D0415,V017,PO0565,2022-12-15,173,19,0.1106,82.9,Fail
QI0416,D0416,V009,PO0566,2022-05-17,110,10,0.0996,87.0,Fail
QI0417,D0417,V006,PO0567,2022-02-05,19,2,0.1441,70.3,Fail
QI0418,D0418,V009,PO0568,2022-12-13,114,12,0.1079,56.0,Fail
QI0419,D0419,V016,PO0569,2023-02-04,97,6,0.0644,61.9,Pass
QI0420,D0420,V010,PO0570,2023-02-23,181,15,0.0866,65.6,Fail
QI0421,D0421,V024,PO0571,2022-08-06,179,14,0.0805,64.9,Fail
QI0422,D0422,V004,PO0573,2022-09-21,117,6,0.0568,70.4,Pass
QI0423,D0423,V015,PO0574,2022-04-25,149,13,0.0913,54.5,Fail
QI0424,D0424,V003,PO0575,2022-11-30,71,9,0.1347,74.0,Fail
QI0425,D0425,V005,PO0576,2022-05-15,111,12,0.1083,67.0,Fail
QI0426,D0426,V025,PO0577,2022-03-17,63,7,0.1226,59.2,Fail
QI0427,D0427,V022,PO0579,2023-07-18,66,6,0.0991,54.7,Fail
QI0428,D0428,V024,PO0580,2023-04-06,84,11,0.1397,81.1,Fail
QI0429,D0429,V013,PO0582,2022-04-03,53,3,0.0736,84.3,Pass
QI0430,D0430,V018,PO0583,2023-06-29,100,13,0.1339,60.2,Fail
QI0431,D0431,V003,PO0585,2022-02-09,152,10,0.0694,82.7,Pass
QI0432,D0432,V013,PO0586,2023-03-31,108,4,0.0457,82.4,Pass
QI0433,D0433,V001,PO0587,2023-06-12,125,8,0.0681,76.0,Pass
QI0434,D0434,V009,PO0588,2022-05-13,79,7,0.0906,68.7,Fail
QI0435,D0435,V004,PO0590,2023-01-18,128,11,0.0861,74.0,Fail
QI0436,D0436,V015,PO0591,2023-04-24,123,16,0.1336,69.2,Fail
QI0437,D0437,V012,PO0592,2022-06-19,102,13,0.1348,71.0,Fail
QI0438,D0438,V022,PO0593,2023-04-10,48,1,0.0393,81.2,Pass
QI0439,D0439,V024,PO0594,2022-07-22,53,8,0.1657,60.8,Fail
QI0440,D0440,V009,PO0596,2022-11-04,43,2,0.0506,81.3,Pass
QI0441,D0441,V019,PO0597,2023-06-02,64,1,0.0309,62.4,Pass
QI0442,D0442,V021,PO0599,2023-04-21,155,10,0.0674,75.5,Pass
QI0443,D0443,V012,PO0600,2022-10-25,118,19,0.1611,52.6,Fail
